,number,work,volume,page,panel,metaphor,type1,type2,type3,,,,,
Sample_1,2318,March comes in Like a Lion (Sangatsu no Lion),1,29,2,included,d,,,,,,,
Sample_2,2338,March comes in Like a Lion (Sangatsu no Lion),1,174,"4,5",included,d,,,,,,,
Sample_3,2339,March comes in Like a Lion (Sangatsu no Lion),1,177,"2,3,4,5",included,a,,,,,,,
Sample_4,2345,March comes in Like a Lion (Sangatsu no Lion),2,20,"1,2,3",included,d,,,,,,,
Sample_5,2347,March comes in Like a Lion (Sangatsu no Lion),2,21,"1,2,3",included,d,,,,,,,
Sample_6,2349,March comes in Like a Lion (Sangatsu no Lion),2,22,"1,2,3",included,a,c,d,,,,,
Sample_7,2657,March comes in Like a Lion (Sangatsu no Lion),3,"10,11","6,7",included,d,,,,,,,
Sample_8,2658,March comes in Like a Lion (Sangatsu no Lion),3,12,"1,2",included,d,,,,,,,
Sample_9,2659,March comes in Like a Lion (Sangatsu no Lion),3,17,"3,5",included,d,,,,,,,
Sample_10,2660,March comes in Like a Lion (Sangatsu no Lion),3,55,"4,5",included,a,b,,,,,,
Sample_11,2661,March comes in Like a Lion (Sangatsu no Lion),3,"56,57","3,4,5,7,8,9",included,a,,,,,,,
Sample_12,2663,March comes in Like a Lion (Sangatsu no Lion),3,87,10,included,a,,,,,,,
Sample_13,2664,March comes in Like a Lion (Sangatsu no Lion),3,139,1,included,a,d,,,,,,
Sample_14,2665,March comes in Like a Lion (Sangatsu no Lion),3,"140,141","6,9",included,d,,,,,,,
Sample_15,2666,March comes in Like a Lion (Sangatsu no Lion),3,143,5,included,d,,,,,,,
Sample_16,2669,March comes in Like a Lion (Sangatsu no Lion),4,15,"1,2,3,4",included,a,,,,,,,
Sample_17,2670,March comes in Like a Lion (Sangatsu no Lion),4,67,1,included,d,,,,,,,
Sample_18,2671,March comes in Like a Lion (Sangatsu no Lion),4,69,3,included,b,,,,,,,
Sample_19,2672,March comes in Like a Lion (Sangatsu no Lion),4,77,"1,2,3",included,a,,,,,,,
Sample_20,2673,March comes in Like a Lion (Sangatsu no Lion),4,78,"1,2",included,a,,,,,,,
Sample_21,2674,March comes in Like a Lion (Sangatsu no Lion),4,86,"1,2,3",included,a,,,,,,,
Sample_22,2675,March comes in Like a Lion (Sangatsu no Lion),4,114,1,included,a,,,,,,,
Sample_23,2676,March comes in Like a Lion (Sangatsu no Lion),4,119,2,included,d,,,,,,,
Sample_24,2677,March comes in Like a Lion (Sangatsu no Lion),4,159,2,included,d,,,,,,,
Sample_25,2678,March comes in Like a Lion (Sangatsu no Lion),4,175,"1,4",included,d,,,,,,,
Sample_26,2679,March comes in Like a Lion (Sangatsu no Lion),5,60,"3,5",included,c,,,,,,,
Sample_27,2680,March comes in Like a Lion (Sangatsu no Lion),5,63,"4,5,6",included,d,,,,,,,
Sample_28,2681,March comes in Like a Lion (Sangatsu no Lion),5,91,1,included,a,d,,,,,,
Sample_29,2682,March comes in Like a Lion (Sangatsu no Lion),5,151,2,included,d,,,,,,,
Sample_30,2683,March comes in Like a Lion (Sangatsu no Lion),6,"34,35","4,5",included,d,,,,,,,
Sample_31,2684,March comes in Like a Lion (Sangatsu no Lion),6,80,5,included,d,,,,,,,
Sample_32,2685,March comes in Like a Lion (Sangatsu no Lion),6,85,4,included,b,,,,,,,
Sample_33,2686,March comes in Like a Lion (Sangatsu no Lion),6,104,3,included,b,d,,,,,,
Sample_34,2687,March comes in Like a Lion (Sangatsu no Lion),6,161,"1,2",included,d,,,,,,,
Sample_35,2688,March comes in Like a Lion (Sangatsu no Lion),7,14,5,included,d,,,,,,,
Sample_36,2690,March comes in Like a Lion (Sangatsu no Lion),7,168,4,included,,,,,,,,
Sample_37,2691,March comes in Like a Lion (Sangatsu no Lion),8,"10,11","3,5",included,a,,,,,,,
Sample_38,2692,March comes in Like a Lion (Sangatsu no Lion),8,25,"2,3",included,d,,,,,,,
Sample_39,2693,March comes in Like a Lion (Sangatsu no Lion),8,101,2,included,d,,,,,,,
Sample_40,2694,March comes in Like a Lion (Sangatsu no Lion),8,"104,105","1,2,3",included,d,,,,,,,
Sample_41,2695,March comes in Like a Lion (Sangatsu no Lion),8,109,"2,3",included,d,,,,,,,
Sample_42,2696,March comes in Like a Lion (Sangatsu no Lion),8,110,"2,3,",included,d,,,,,,,
Sample_43,2697,March comes in Like a Lion (Sangatsu no Lion),8,"120,121","4,5,6",included,d,,,,,,,
Sample_44,2698,March comes in Like a Lion (Sangatsu no Lion),8,"122,123","1,2",included,d,,,,,,,
Sample_45,2699,March comes in Like a Lion (Sangatsu no Lion),8,"130,131","3,4,6",included,c,d,,,,,,
Sample_46,2700,March comes in Like a Lion (Sangatsu no Lion),8,"132,133","1,2,3,6,7,9,10,11",included,d,,,,,,,
Sample_47,2701,March comes in Like a Lion (Sangatsu no Lion),8,"134,135","3,5,7,8,9",included,d,,,,,,,
Sample_48,2702,March comes in Like a Lion (Sangatsu no Lion),8,"136,137","1,2,4",included,d,,,,,,,
Sample_49,2703,March comes in Like a Lion (Sangatsu no Lion),8,"138,139","4,8",included,d,,,,,,,
Sample_50,2704,March comes in Like a Lion (Sangatsu no Lion),8,"142,143","1,4",included,a,,,,,,,
Sample_51,2705,March comes in Like a Lion (Sangatsu no Lion),8,151,2,included,d,,,,,,,
Sample_52,2706,March comes in Like a Lion (Sangatsu no Lion),8,152,"1,2",included,d,,,,,,,
Sample_53,2708,March comes in Like a Lion (Sangatsu no Lion),9,"56,57","1,8",included,a,,,,,,,
Sample_54,2709,March comes in Like a Lion (Sangatsu no Lion),9,64,1,included,b,,,,,,,
Sample_55,2710,March comes in Like a Lion (Sangatsu no Lion),9,109,2,included,b,,,,,,,
Sample_56,2711,March comes in Like a Lion (Sangatsu no Lion),9,135,4,included,b,,,,,,,
Sample_57,2712,March comes in Like a Lion (Sangatsu no Lion),9,167,4,included,d,,,,,,,
Sample_58,2713,March comes in Like a Lion (Sangatsu no Lion),9,169,1,included,d,,,,,,,
Sample_59,2167,March comes in Like a Lion (Sangatsu no Lion),10,40,3,included,d,,,,,,,
Sample_60,2168,March comes in Like a Lion (Sangatsu no Lion),10,41,2,included,b,,,,,,,
Sample_61,2169,March comes in Like a Lion (Sangatsu no Lion),10,43,"1,4",included,d,,,,,,,
Sample_62,2174,March comes in Like a Lion (Sangatsu no Lion),10,71,2,included,a,,,,,,,
Sample_63,2177,March comes in Like a Lion (Sangatsu no Lion),10,92,"4,5,6",included,d,,,,,,,
Sample_64,2179,March comes in Like a Lion (Sangatsu no Lion),10,94,1,included,d,,,,,,,
Sample_65,2180,March comes in Like a Lion (Sangatsu no Lion),10,100,3,included,d,,,,,,,
Sample_66,2181,March comes in Like a Lion (Sangatsu no Lion),10,101,,not included,,,,,,,,
Sample_67,2182,March comes in Like a Lion (Sangatsu no Lion),10,102,"2,3,4",included,d,,,,,,,
Sample_68,2183,March comes in Like a Lion (Sangatsu no Lion),10,103,"2,3",included,d,,,,,,,
Sample_69,2184,March comes in Like a Lion (Sangatsu no Lion),10,105,4,included,d,,,,,,,
Sample_70,2185,March comes in Like a Lion (Sangatsu no Lion),10,106,1,included,a,,,,,,,
Sample_71,2188,March comes in Like a Lion (Sangatsu no Lion),10,109,"1,2,3,4",included,d,,,,,,,
Sample_72,2193,March comes in Like a Lion (Sangatsu no Lion),11,38,1,included,unclear,,,,,,,
Sample_73,2196,March comes in Like a Lion (Sangatsu no Lion),11,88,"2,4",included,a,,,,,,,
Sample_74,2200,March comes in Like a Lion (Sangatsu no Lion),11,109,2,included,d,,,,,,,
Sample_75,2202,March comes in Like a Lion (Sangatsu no Lion),11,130,1,included,d,,,,,,,
Sample_76,2203,March comes in Like a Lion (Sangatsu no Lion),11,132,3,included,c,,,,,,,
Sample_77,2204,March comes in Like a Lion (Sangatsu no Lion),11,133,"1,2",included,c,d,,,,,,
Sample_78,2207,March comes in Like a Lion (Sangatsu no Lion),12,14,,not included,,,,,,,,
Sample_79,2211,March comes in Like a Lion (Sangatsu no Lion),12,60,3,included,b,,,,,,,
Sample_80,2212,March comes in Like a Lion (Sangatsu no Lion),12,61,3,included,b,,,,,,,
Sample_81,2213,March comes in Like a Lion (Sangatsu no Lion),12,62,4,included,b,,,,,,,
Sample_82,2214,March comes in Like a Lion (Sangatsu no Lion),12,63,"1,3",included,d,,,,,,,
Sample_83,2215,March comes in Like a Lion (Sangatsu no Lion),12,68,"1,2,3,4,5",included,a,d,,,,,,
Sample_84,2216,March comes in Like a Lion (Sangatsu no Lion),12,69,"1,3",included,b,d,,,,,,
Sample_85,2217,March comes in Like a Lion (Sangatsu no Lion),12,71,6,included,d,,,,,,,
Sample_86,2218,March comes in Like a Lion (Sangatsu no Lion),12,"72,73",1,included,a,,,,,,,
Sample_87,2221,March comes in Like a Lion (Sangatsu no Lion),12,140,2,included,d,,,,,,,
Sample_88,2222,March comes in Like a Lion (Sangatsu no Lion),12,141,4,included,a,,,,,,,
Sample_89,2224,March comes in Like a Lion (Sangatsu no Lion),12,150,2,included,c,,,,,,,
Sample_90,2226,March comes in Like a Lion (Sangatsu no Lion),13,54,"1,2,3,4",included,d,,,,,,,
Sample_91,2227,March comes in Like a Lion (Sangatsu no Lion),13,55,"1,2,3,4",included,d,,,,,,,
Sample_92,2228,March comes in Like a Lion (Sangatsu no Lion),13,56,"1,2,3",included,d,,,,,,,
Sample_93,2231,March comes in Like a Lion (Sangatsu no Lion),13,72,1,not included,d,,,,,,,
Sample_94,2232,March comes in Like a Lion (Sangatsu no Lion),13,90,3,included,a,,,,,,,
Sample_95,2233,March comes in Like a Lion (Sangatsu no Lion),13,91,3,included,d,,,,,,,
Sample_96,2234,March comes in Like a Lion (Sangatsu no Lion),13,94,4,included,d,,,,,,,
Sample_97,2237,March comes in Like a Lion (Sangatsu no Lion),13,109,3,included,d,,,,,,,
Sample_98,2245,March comes in Like a Lion (Sangatsu no Lion),13,145,"1,2",included,d,,,,,,,
Sample_99,2246,March comes in Like a Lion (Sangatsu no Lion),13,146,,not included,,,,,,,,
Sample_100,2248,March comes in Like a Lion (Sangatsu no Lion),13,147,3,included,d,,,,,,,
Sample_101,2254,March comes in Like a Lion (Sangatsu no Lion),14,36,5,included,d,,,,,,,
Sample_102,2258,March comes in Like a Lion (Sangatsu no Lion),14,74,,not included,,,,,,,,
Sample_103,2259,March comes in Like a Lion (Sangatsu no Lion),14,75,1,included,d,,,,,,,
Sample_104,2261,March comes in Like a Lion (Sangatsu no Lion),14,89,1,included,d,,,,,,,
Sample_105,2263,March comes in Like a Lion (Sangatsu no Lion),14,137,"1,2,3",included,d,,,,,,,
Sample_106,2266,March comes in Like a Lion (Sangatsu no Lion),14,169,1,included,d,,,,,,,
Sample_107,1253,March comes in Like a Lion (Sangatsu no Lion),15,85,"3,4",included,d,,,,,,,
Sample_108,1297,March comes in Like a Lion (Sangatsu no Lion),15,37,1,included,d,,,,,,,
Sample_109,1298,March comes in Like a Lion (Sangatsu no Lion),15,64,"1,3",included,d,,,,,,,
Sample_110,1299,March comes in Like a Lion (Sangatsu no Lion),15,60,1,included,a,,,,,,,
Sample_111,1300,March comes in Like a Lion (Sangatsu no Lion),15,66,6,included,a,,,,,,,
Sample_112,1301,March comes in Like a Lion (Sangatsu no Lion),15,70,"2,3,4",included,d,,,,,,,
Sample_113,1302,March comes in Like a Lion (Sangatsu no Lion),15,71,"1,2",included,d,,,,,,,
Sample_114,1303,March comes in Like a Lion (Sangatsu no Lion),15,79,4,included,d,,,,,,,
Sample_115,1304,March comes in Like a Lion (Sangatsu no Lion),15,84,2,included,a,,,,,,,
Sample_116,1305,March comes in Like a Lion (Sangatsu no Lion),15,87,"1,2,3",included,d,,,,,,,
Sample_117,1306,March comes in Like a Lion (Sangatsu no Lion),15,98,2,included,a,,,,,,,
Sample_118,1307,March comes in Like a Lion (Sangatsu no Lion),15,101,2,included,b,d,,,,,,
Sample_119,1308,March comes in Like a Lion (Sangatsu no Lion),15,122,"2,3",included,d,,,,,,,
Sample_120,1309,March comes in Like a Lion (Sangatsu no Lion),15,127,1,included,d,,,,,,,
Sample_121,1310,March comes in Like a Lion (Sangatsu no Lion),15,132,1,included,d,,,,,,,
Sample_122,1311,March comes in Like a Lion (Sangatsu no Lion),15,133,1,included,d,,,,,,,
Sample_123,1312,March comes in Like a Lion (Sangatsu no Lion),15,134,"1,2",included,d,,,,,,,
Sample_124,1313,March comes in Like a Lion (Sangatsu no Lion),15,148,1,included,d,,,,,,,
Sample_125,1317,March comes in Like a Lion (Sangatsu no Lion),16,23,1.2.3,included,unclear,,,,,,,
Sample_126,1318,March comes in Like a Lion (Sangatsu no Lion),16,58,4,included,d,,,,,,,
Sample_127,1319,March comes in Like a Lion (Sangatsu no Lion),16,60,,not included,,,,,,,,
Sample_128,1320,March comes in Like a Lion (Sangatsu no Lion),16,80,"1,3",included,d,,,,,,,
Sample_129,1321,March comes in Like a Lion (Sangatsu no Lion),16,85,"1,2",included,d,,,,,,,
Sample_130,1322,March comes in Like a Lion (Sangatsu no Lion),16,89,1,included,b,,,,,,,
Sample_131,1323,March comes in Like a Lion (Sangatsu no Lion),16,106,1,included,d,,,,,,,
Sample_132,1324,March comes in Like a Lion (Sangatsu no Lion),16,107,"1,2",included,d,,,,,,,
Sample_133,1325,March comes in Like a Lion (Sangatsu no Lion),16,109,1,included,d,,,,,,,
Sample_134,1326,March comes in Like a Lion (Sangatsu no Lion),16,113,2,included,d,,,,,,,
Sample_135,1327,March comes in Like a Lion (Sangatsu no Lion),16,114,2,included,d,,,,,,,
Sample_136,1328,March comes in Like a Lion (Sangatsu no Lion),16,131,2,included,d,,,,,,,
Sample_137,1329,March comes in Like a Lion (Sangatsu no Lion),16,133,3,included,b,,,,,,,
Sample_138,1330,March comes in Like a Lion (Sangatsu no Lion),16,138,4,included,d,,,,,,,
Sample_139,1331,March comes in Like a Lion (Sangatsu no Lion),16,139,"1,3",included,d,,,,,,,
Sample_140,1332,March comes in Like a Lion (Sangatsu no Lion),16,148,2,included,d,,,,,,,
Sample_141,1333,March comes in Like a Lion (Sangatsu no Lion),16,163,3,included,b,d,,,,,,
Sample_142,1334,March comes in Like a Lion (Sangatsu no Lion),16,164,4,included,b,,,,,,,
Sample_143,1335,March comes in Like a Lion (Sangatsu no Lion),16,165,"1,2,3",included,b,d,,,,,,
Sample_144,1337,March comes in Like a Lion (Sangatsu no Lion),16,170,2,included,unclear,,,,,,,
Sample_145,1338,March comes in Like a Lion (Sangatsu no Lion),16,175,3,included,b,,,,,,,
Sample_146,1339,March comes in Like a Lion (Sangatsu no Lion),16,177,1,included,c,,,,,,,
Sample_147,1340,March comes in Like a Lion (Sangatsu no Lion),16,178,2,included,b,,,,,,,
Sample_148,1341,March comes in Like a Lion (Sangatsu no Lion),16,184,"1,2",included,d,,,,,,,
Sample_149,1342,March comes in Like a Lion (Sangatsu no Lion),16,185,"1,2",included,d,,,,,,,
Sample_150,1343,March comes in Like a Lion (Sangatsu no Lion),16,188,"1,2",included,d,,,,,,,
Sample_151,1344,March comes in Like a Lion (Sangatsu no Lion),17,12,"1,2,3",included,b,,,,,,,
Sample_152,1345,March comes in Like a Lion (Sangatsu no Lion),17,18,"1,2,3,4",included,d,,,,,,,
Sample_153,1346,March comes in Like a Lion (Sangatsu no Lion),17,19,2,included,a,,,,,,,
Sample_154,1347,March comes in Like a Lion (Sangatsu no Lion),17,20,5,included,d,,,,,,,
Sample_155,1348,March comes in Like a Lion (Sangatsu no Lion),17,21,4,included,c,d,,,,,,
Sample_156,1349,March comes in Like a Lion (Sangatsu no Lion),17,24,2,included,d,,,,,,,
Sample_157,1350,March comes in Like a Lion (Sangatsu no Lion),17,25,3,included,d,,,,,,,
Sample_158,1351,March comes in Like a Lion (Sangatsu no Lion),17,26,4,included,c,,,,,,,
Sample_159,1352,March comes in Like a Lion (Sangatsu no Lion),17,28,2,included,a,,,,,,,
Sample_160,1353,March comes in Like a Lion (Sangatsu no Lion),17,29,3,included,b,,,,,,,
Sample_161,1354,March comes in Like a Lion (Sangatsu no Lion),17,30,1,included,b,c,,,,,,
Sample_162,1355,March comes in Like a Lion (Sangatsu no Lion),17,39,6,included,b,,,,,,,
Sample_163,1356,March comes in Like a Lion (Sangatsu no Lion),17,41,5,included,d,,,,,,,
Sample_164,1357,March comes in Like a Lion (Sangatsu no Lion),17,42,"1,2",included,b,,,,,,,
Sample_165,1358,March comes in Like a Lion (Sangatsu no Lion),17,45,"1,3",included,b,,,,,,,
Sample_166,1359,March comes in Like a Lion (Sangatsu no Lion),17,46,1,included,b,,,,,,,
Sample_167,1360,March comes in Like a Lion (Sangatsu no Lion),17,47,"1,2,3,4",included,b,,,,,,,
Sample_168,1361,March comes in Like a Lion (Sangatsu no Lion),17,56,"1,2,3",included,b,,,,,,,
Sample_169,1362,March comes in Like a Lion (Sangatsu no Lion),17,57,"1,2",included,d,,,,,,,
Sample_170,1363,March comes in Like a Lion (Sangatsu no Lion),17,60,3,included,d,,,,,,,
Sample_171,1366,March comes in Like a Lion (Sangatsu no Lion),17,61,1,included,d,,,,,,,
Sample_172,1367,March comes in Like a Lion (Sangatsu no Lion),17,71,4,included,b,,,,,,,
Sample_173,1368,March comes in Like a Lion (Sangatsu no Lion),17,123,2,included,d,,,,,,,
Sample_174,1369,March comes in Like a Lion (Sangatsu no Lion),17,128,"1,2",included,d,,,,,,,
Sample_175,1370,March comes in Like a Lion (Sangatsu no Lion),17,129,"1,2",included,d,,,,,,,
Sample_176,1371,March comes in Like a Lion (Sangatsu no Lion),17,130,"1,2",included,d,,,,,,,
Sample_177,1373,March comes in Like a Lion (Sangatsu no Lion),17,141,"1,2",included,b,,,,,,,
Sample_178,1374,March comes in Like a Lion (Sangatsu no Lion),17,144,2,included,b,,,,,,,
Sample_179,1375,March comes in Like a Lion (Sangatsu no Lion),17,155,"1,2,3",included,d,,,,,,,
Sample_180,1376,March comes in Like a Lion (Sangatsu no Lion),17,162,2,included,d,,,,,,,
Sample_181,1377,March comes in Like a Lion (Sangatsu no Lion),17,169,"1,2",included,d,,,,,,,
Sample_182,1378,March comes in Like a Lion (Sangatsu no Lion),17,170,"1,2",included,d,,,,,,,
Sample_183,1379,March comes in Like a Lion (Sangatsu no Lion),17,171,1,included,d,,,,,,,
Sample_184,1380,March comes in Like a Lion (Sangatsu no Lion),18,19,2,included,d,,,,,,,
Sample_185,1382,March comes in Like a Lion (Sangatsu no Lion),18,64,3,included,a,,,,,,,
Sample_186,1383,March comes in Like a Lion (Sangatsu no Lion),18,65,4,included,a,,,,,,,
Sample_187,1384,March comes in Like a Lion (Sangatsu no Lion),18,66,"1,3",included,c,a,,,,,,
Sample_188,1385,March comes in Like a Lion (Sangatsu no Lion),18,71,2,included,a,,,,,,,
Sample_189,1386,March comes in Like a Lion (Sangatsu no Lion),18,72,2,included,c,,,,,,,
Sample_190,1387,March comes in Like a Lion (Sangatsu no Lion),18,74,3,included,a,,,,,,,
Sample_191,1388,March comes in Like a Lion (Sangatsu no Lion),18,76,5,included,a,,,,,,,
Sample_192,1389,March comes in Like a Lion (Sangatsu no Lion),18,81,1,included,a,,,,,,,
Sample_193,1390,March comes in Like a Lion (Sangatsu no Lion),18,84,1,included,d,,,,,,,
Sample_194,1391,March comes in Like a Lion (Sangatsu no Lion),18,97,3,included,b,,,,,,,
Sample_195,1392,March comes in Like a Lion (Sangatsu no Lion),18,98,"1,3,4",included,b,,,,,,,
Sample_196,1393,March comes in Like a Lion (Sangatsu no Lion),18,99,"2,4,5",included,c,d,,,,,,
Sample_197,1396,March comes in Like a Lion (Sangatsu no Lion),18,108,"1,2",included,d,,,,,,,
Sample_198,1397,March comes in Like a Lion (Sangatsu no Lion),18,110,5,included,d,,,,,,,
Sample_199,1398,March comes in Like a Lion (Sangatsu no Lion),18,111,1,included,d,,,,,,,
Sample_200,1400,March comes in Like a Lion (Sangatsu no Lion),18,119,"1,2",included,d,,,,,,,
Sample_201,1401,March comes in Like a Lion (Sangatsu no Lion),18,120,"1,2",included,d,,,,,,,
Sample_202,1402,March comes in Like a Lion (Sangatsu no Lion),18,122,"3,4",included,b,d,,,,,,
Sample_203,1403,March comes in Like a Lion (Sangatsu no Lion),18,129,1,included,d,,,,,,,
Sample_204,1404,March comes in Like a Lion (Sangatsu no Lion),18,132,"1,2",included,d,,,,,,,
Sample_205,1405,March comes in Like a Lion (Sangatsu no Lion),18,136,1,included,b,,,,,,,
Sample_206,1406,March comes in Like a Lion (Sangatsu no Lion),18,137,"1,2",included,d,,,,,,,
Sample_207,1407,March comes in Like a Lion (Sangatsu no Lion),18,138,1,included,d,,,,,,,
Sample_208,1408,March comes in Like a Lion (Sangatsu no Lion),18,139,1,included,d,,,,,,,
Sample_209,1409,March comes in Like a Lion (Sangatsu no Lion),18,140,1,included,d,,,,,,,
Sample_210,1410,March comes in Like a Lion (Sangatsu no Lion),18,141,1,included,d,,,,,,,
Sample_211,1411,March comes in Like a Lion (Sangatsu no Lion),18,145,"2,3,4",included,d,,,,,,,
Sample_212,1412,March comes in Like a Lion (Sangatsu no Lion),18,146,1,included,d,,,,,,,
Sample_213,1414,March comes in Like a Lion (Sangatsu no Lion),18,151,2,included,d,,,,,,,
Sample_214,1415,March comes in Like a Lion (Sangatsu no Lion),18,158,"1,2,3,4",included,d,,,,,,,
Sample_215,2723,blue Giant,3,137,5,included,b,,,,,,,
Sample_216,2724,blue Giant,3,138,1,included,a,,,,,,,
Sample_217,2725,blue Giant,3,169,9,included,d,,,,,,,
Sample_218,2726,blue Giant,4,17,2,included,d,,,,,,,
Sample_219,2727,blue Giant,4,"38,39","2,3,4,5,6,7",included,d,,,,,,,
Sample_220,2728,blue Giant,4,40,1,included,c,,,,,,,
Sample_221,1283,blank canvas: My So-called artist's Journey(Kakukaku Shikajika),3,52,3,included,c,,,,,,,
Sample_222,1288,blank canvas: My So-called artist's Journey(Kakukaku Shikajika),4,47,"2,3,4,5",included,a,,,,,,,
Sample_223,1292,blank canvas: My So-called artist's Journey(Kakukaku Shikajika),4,74,,not included,,,,,,,,
Sample_224,1294,blank canvas: My So-called artist's Journey(Kakukaku Shikajika),4,99,,not included,,,,,,,,
Sample_225,1296,blank canvas: My So-called artist's Journey(Kakukaku Shikajika),5,47,6,included,c,,,,,,,
Sample_226,1416,"draw This, Then die!(Kore kaite shine)",1,41,1,included,b,,,,,,,
Sample_227,1417,"draw This, Then die!(Kore kaite shine)",1,40,1,included,b,,,,,,,
Sample_228,1418,"draw This, Then die!(Kore kaite shine)",1,60,,not included,,,,,,,,
Sample_229,1419,"draw This, Then die!(Kore kaite shine)",1,91,1,included,d,,,,,,,
Sample_230,1420,"draw This, Then die!(Kore kaite shine)",1,90,1,included,d,,,,,,,
Sample_231,1421,"draw This, Then die!(Kore kaite shine)",1,92,"1,2,3,4",included,b,,,,,,,
Sample_232,1422,"draw This, Then die!(Kore kaite shine)",1,114,4,included,d,,,,,,,
Sample_233,1423,"draw This, Then die!(Kore kaite shine)",1,115,"2,3,4",included,b,,,,,,,
Sample_234,1424,"draw This, Then die!(Kore kaite shine)",1,116,"2,3,4",included,d,,,,,,,
Sample_235,1425,"draw This, Then die!(Kore kaite shine)",1,117,"1,2,3,4",included,a,,,,,,,
Sample_236,1426,"draw This, Then die!(Kore kaite shine)",1,176,"1,3",included,d,,,,,,,
Sample_237,1430,"draw This, Then die!(Kore kaite shine)",2,166,"3,5",included,c,,,,,,,
Sample_238,1432,"draw This, Then die!(Kore kaite shine)",2,181,"1,2",included,c,,,,,,,
Sample_239,1433,"draw This, Then die!(Kore kaite shine)",2,186,"1,2,3",included,c,,,,,,,
Sample_240,1440,"draw This, Then die!(Kore kaite shine)",3,62,,not included,,,,,,,,
Sample_241,1441,"draw This, Then die!(Kore kaite shine)",3,63,1,included,d,,,,,,,
Sample_242,1442,"draw This, Then die!(Kore kaite shine)",3,164,1,included,d,,,,,,,
Sample_243,1444,"draw This, Then die!(Kore kaite shine)",3,166,2,included,d,,,,,,,
Sample_244,1446,"draw This, Then die!(Kore kaite shine)",3,173,5,included,d,,,,,,,
Sample_245,1447,"draw This, Then die!(Kore kaite shine)",3,176,"1,2,3",included,d,,,,,,,
Sample_246,1448,"draw This, Then die!(Kore kaite shine)",3,177,"1,2,3",included,d,,,,,,,
Sample_247,1449,"draw This, Then die!(Kore kaite shine)",3,184,1,included,d,,,,,,,
Sample_248,1450,"draw This, Then die!(Kore kaite shine)",3,185,1,included,d,,,,,,,
Sample_249,1451,"draw This, Then die!(Kore kaite shine)",3,186,"1,2,3",included,d,,,,,,,
Sample_250,1452,"draw This, Then die!(Kore kaite shine)",3,191,3,included,d,,,,,,,
Sample_251,1453,"draw This, Then die!(Kore kaite shine)",3,192,1,included,d,,,,,,,
Sample_252,1454,"draw This, Then die!(Kore kaite shine)",3,193,"2,4",included,d,,,,,,,
Sample_253,1455,"draw This, Then die!(Kore kaite shine)",3,195,4,included,d,,,,,,,
Sample_254,1458,"draw This, Then die!(Kore kaite shine)",4,6,"2,3",included,a,,,,,,,
Sample_255,1462,"draw This, Then die!(Kore kaite shine)",4,72,"2,3",included,d,,,,,,,
Sample_256,1466,"draw This, Then die!(Kore kaite shine)",4,156,4,included,a,,,,,,,
Sample_257,1471,"draw This, Then die!(Kore kaite shine)",4,199,"1,2,3",included,d,,,,,,,
Sample_258,1472,"draw This, Then die!(Kore kaite shine)",4,200,1,included,,,,,,,,
Sample_259,1476,"draw This, Then die!(Kore kaite shine)",5,59,3,included,c,,,,,,,
Sample_260,1477,"draw This, Then die!(Kore kaite shine)",5,60,1,included,c,,,,,,,
Sample_261,1480,"draw This, Then die!(Kore kaite shine)",5,161,1,included,d,,,,,,,
Sample_262,1481,"draw This, Then die!(Kore kaite shine)",5,162,"1,2,3",included,d,,,,,,,
Sample_263,1482,"draw This, Then die!(Kore kaite shine)",5,167,"1,2",included,a,,,,,,,
Sample_264,1483,"draw This, Then die!(Kore kaite shine)",5,169,"1,2,4",included,d,,,,,,,
Sample_265,1487,"draw This, Then die!(Kore kaite shine)",6,47,"2,3",included,d,,,,,,,
Sample_266,1488,"draw This, Then die!(Kore kaite shine)",6,71,3,included,d,,,,,,,
Sample_267,1491,"draw This, Then die!(Kore kaite shine)",6,99,1,included,d,,,,,,,
Sample_268,1492,"draw This, Then die!(Kore kaite shine)",6,106,"1,2,3",included,d,,,,,,,
Sample_269,1493,"draw This, Then die!(Kore kaite shine)",6,107,"1,3",included,d,,,,,,,
Sample_270,1494,"draw This, Then die!(Kore kaite shine)",6,108,"1,3",included,d,,,,,,,
Sample_271,1495,"draw This, Then die!(Kore kaite shine)",6,110,4,included,d,,,,,,,
Sample_272,1496,"draw This, Then die!(Kore kaite shine)",6,111,"1,2,3",included,d,,,,,,,
Sample_273,1497,"draw This, Then die!(Kore kaite shine)",6,134,"2,3",included,d,,,,,,,
Sample_274,1498,"draw This, Then die!(Kore kaite shine)",6,135,3,included,d,,,,,,,
Sample_275,1499,"draw This, Then die!(Kore kaite shine)",6,136,4,included,d,,,,,,,
Sample_276,1500,"draw This, Then die!(Kore kaite shine)",6,145,1,included,a,,,,,,,
Sample_277,1501,"draw This, Then die!(Kore kaite shine)",6,163,1,included,d,,,,,,,
Sample_278,1502,"draw This, Then die!(Kore kaite shine)",6,169,2,included,b,,,,,,,
Sample_279,1504,"draw This, Then die!(Kore kaite shine)",6,180,1,included,d,,,,,,,
Sample_280,1505,"draw This, Then die!(Kore kaite shine)",6,184,,not included,,,,,,,,
Sample_281,1506,"draw This, Then die!(Kore kaite shine)",6,187,4,included,d,,,,,,,
Sample_282,1507,"draw This, Then die!(Kore kaite shine)",6,189,3,included,d,,,,,,,
Sample_283,1508,"draw This, Then die!(Kore kaite shine)",6,190,,not included,,,,,,,,
Sample_284,1509,"draw This, Then die!(Kore kaite shine)",6,195,4,included,d,,,,,,,
Sample_285,1512,"draw This, Then die!(Kore kaite shine)",7,69,"1,3",included,d,,,,,,,
Sample_286,1513,"draw This, Then die!(Kore kaite shine)",7,163,1,included,d,,,,,,,
Sample_287,1514,"draw This, Then die!(Kore kaite shine)",7,164,"1,4",included,d,,,,,,,
Sample_288,1515,"draw This, Then die!(Kore kaite shine)",7,165,1,included,d,,,,,,,
Sample_289,1516,"draw This, Then die!(Kore kaite shine)",7,180,2,included,d,,,,,,,
Sample_290,1519,"draw This, Then die!(Kore kaite shine)",8,127,2,included,d,,,,,,,
Sample_291,1520,"draw This, Then die!(Kore kaite shine)",8,132,2,included,d,,,,,,,
Sample_292,1521,"draw This, Then die!(Kore kaite shine)",8,134,2,included,d,,,,,,,
Sample_293,1522,"draw This, Then die!(Kore kaite shine)",8,138,"1,2,3,4",included,d,,,,,,,
Sample_294,1523,"draw This, Then die!(Kore kaite shine)",8,146,2,included,d,,,,,,,
Sample_295,1524,"draw This, Then die!(Kore kaite shine)",8,161,2,included,b,d,,,,,,
Sample_296,1525,"draw This, Then die!(Kore kaite shine)",8,162,"1,3,4",included,c,,,,,,,
Sample_297,1526,"draw This, Then die!(Kore kaite shine)",8,164,"2,4",included,b,,,,,,,
Sample_298,1527,"draw This, Then die!(Kore kaite shine)",8,165,"1,2,3",included,c,,,,,,,
Sample_299,1528,"draw This, Then die!(Kore kaite shine)",8,166,"1,2,3,4",included,c,d,,,,,,
Sample_300,1529,"draw This, Then die!(Kore kaite shine)",8,167,"1,2",included,c,d,,,,,,
Sample_301,1530,"draw This, Then die!(Kore kaite shine)",8,182,"1,3",included,d,,,,,,,
Sample_302,1531,"draw This, Then die!(Kore kaite shine)",8,184,"1,2",included,d,,,,,,,
Sample_303,1532,"draw This, Then die!(Kore kaite shine)",8,185,"1,2",included,d,,,,,,,
Sample_304,2788,chihayafuru,7,"22,23","2,3,4",included,b,,,,,,,
Sample_305,2789,chihayafuru,7,"24,25","4,5,6,7",included,b,,,,,,,
Sample_306,2790,chihayafuru,7,51,4,included,b,,,,,,,
Sample_307,2792,chihayafuru,8,9,1,included,a,,,,,,,
Sample_308,2793,chihayafuru,8,81,,not included,,,,,,,,
Sample_309,2794,chihayafuru,8,82,,not included,,,,,,,,
Sample_310,2795,chihayafuru,8,119,7,included,a,,,,,,,
Sample_311,2796,chihayafuru,8,160,7,included,b,,,,,,,
Sample_312,2799,chihayafuru,9,48,2,included,d,,,,,,,
Sample_313,2800,chihayafuru,9,72,1,included,a,,,,,,,
Sample_314,2803,chihayafuru,11,98,5,included,d,,,,,,,
Sample_315,2804,chihayafuru,11,118,,not included,,,,,,,,
Sample_316,2830,chihayafuru,12,156,"1,2,8",included,d,,,,,,,
Sample_317,2808,chihayafuru,14,14,6,included,b,,,,,,,
Sample_318,2809,chihayafuru,14,129,"6,7,8",included,b,,,,,,,
Sample_319,2835,chihayafuru,15,84,3,included,b,,,,,,,
Sample_320,2839,chihayafuru,17,"56,57","1,2,3",included,,,,,,,,
Sample_321,2840,chihayafuru,17,59,"7,8,9,10,11,12,13",included,,,,,,,,
Sample_322,2841,chihayafuru,17,73,"1,2",included,a,,,,,,,
Sample_323,2842,chihayafuru,17,150,,not included,,,,,,,,
Sample_324,2844,chihayafuru,18,10,,not included,,,,,,,,
Sample_325,2845,chihayafuru,18,12,2,included,d,,,,,,,
Sample_326,8608,chihayafuru,21,63,"1,2",included,d,,,,,,,
Sample_327,8610,chihayafuru,21,"134,135","4,5",included,d,,,,,,,
Sample_328,8611,chihayafuru,22,97,"12,13",included,b,,,,,,,
Sample_329,8612,chihayafuru,22,98,1,included,b,,,,,,,
Sample_330,8613,chihayafuru,22,"112,113","1,2,3,4,5,6",included,b,,,,,,,
Sample_331,8614,chihayafuru,22,121,,not included,,,,,,,,
Sample_332,8615,chihayafuru,22,148,,not included,,,,,,,,
Sample_333,8617,chihayafuru,23,24,,not included,,,,,,,,
Sample_334,8619,chihayafuru,23,51,4,included,a,,,,,,,
Sample_335,8620,chihayafuru,23,56,"1,2",included,d,,,,,,,
Sample_336,8621,chihayafuru,23,65,"10,11,12,13,14",included,a,,,,,,,
Sample_337,8622,chihayafuru,23,74,"5,6,7",included,d,,,,,,,
Sample_338,8627,chihayafuru,24,"32,33",,not included,,,,,,,,
Sample_339,8628,chihayafuru,24,89,8.9,included,a,,,,,,,
Sample_340,8629,chihayafuru,25,"22,23",1,included,d,,,,,,,
Sample_341,8630,chihayafuru,26,17,"1,2,3,5,6",included,b,,,,,,,
Sample_342,8631,chihayafuru,26,"18,19","6,7",included,b,,,,,,,
Sample_343,8632,chihayafuru,26,31,,not included,,,,,,,,
Sample_344,8686,chihayafuru,26,108,1,included,d,,,,,,,
Sample_345,8637,chihayafuru,27,"20,21","5,6",included,d,,,,,,,
Sample_346,8638,chihayafuru,27,94,4,included,d,,,,,,,
Sample_347,8639,chihayafuru,27,"96,97",,not included,,,,,,,,
Sample_348,8640,chihayafuru,27,135,3,included,d,,,,,,,
Sample_349,8644,chihayafuru,28,63,,not included,,,,,,,,
Sample_350,8645,chihayafuru,28,130,1,included,b,,,,,,,
Sample_351,8646,chihayafuru,28,145,7,included,d,,,,,,,
Sample_352,8647,chihayafuru,28,"156,157","1,4,5,6,7",included,a,,,,,,,
Sample_353,8648,chihayafuru,28,"158,159",,not included,,,,,,,,
Sample_354,8654,chihayafuru,31,51,1,included,d,,,,,,,
Sample_355,8655,chihayafuru,31,77,"1,3",included,a,,,,,,,
Sample_356,8656,chihayafuru,31,81,13,included,a,,,,,,,
Sample_357,8658,chihayafuru,33,53,"5,6",included,b,,,,,,,
Sample_358,8672,chihayafuru,34,"162,163",3,included,d,,,,,,,
Sample_359,8673,chihayafuru,34,165,1,included,d,,,,,,,
Sample_360,8680,chihayafuru,36,37,1,included,d,,,,,,,
Sample_361,8681,chihayafuru,36,"38,39",1,included,c,d,,,,,,
Sample_362,8688,chihayafuru,36,124,1,included,b,,,,,,,
Sample_363,8689,chihayafuru,36,"156,157","1,2",included,d,,,,,,,
Sample_364,8695,chihayafuru,38,64,2,included,d,,,,,,,
Sample_365,8697,chihayafuru,38,111,"7,8,9",included,d,,,,,,,
Sample_366,8698,chihayafuru,38,124,"2,3,4",included,d,,,,,,,
Sample_367,8699,chihayafuru,39,24,1,included,b,,,,,,,
Sample_368,8700,chihayafuru,39,49,12,included,b,,,,,,,
Sample_369,8701,chihayafuru,39,57,"3,4,5",included,b,d,,,,,,
Sample_370,8702,chihayafuru,39,58,"1,2",included,b,,,,,,,
Sample_371,8703,chihayafuru,39,67,"3,4,5",included,d,,,,,,,
Sample_372,8704,chihayafuru,39,81,"1,2,3,4",included,d,,,,,,,
Sample_373,8705,chihayafuru,39,82,"1,2,4",included,d,,,,,,,
Sample_374,8706,chihayafuru,39,113,1,included,b,,,,,,,
Sample_375,8707,chihayafuru,39,166,"3,4",included,d,,,,,,,
Sample_376,8708,chihayafuru,40,"28,29",1,included,d,,,,,,,
Sample_377,8709,chihayafuru,40,31,3,included,d,,,,,,,
Sample_378,8710,chihayafuru,40,32,,not included,,,,,,,,
Sample_379,8714,chihayafuru,41,"124,125","1,4,7",included,d,,,,,,,
Sample_380,8715,chihayafuru,41,126,1,included,d,,,,,,,
Sample_381,8716,chihayafuru,41,131,3,included,d,,,,,,,
Sample_382,8717,chihayafuru,41,132,"1,2",included,d,,,,,,,
Sample_383,8718,chihayafuru,41,135,2,included,d,,,,,,,
Sample_384,8719,chihayafuru,41,136,1,included,d,,,,,,,
Sample_385,8723,chihayafuru,41,"150,151",2,included,d,,,,,,,
Sample_386,8724,chihayafuru,42,"14,15",5,included,d,,,,,,,
Sample_387,8726,chihayafuru,42,154,"1,2,3",included,b,,,,,,,
Sample_388,8727,chihayafuru,43,34,4,included,d,,,,,,,
Sample_389,8729,chihayafuru,43,105,4,included,d,,,,,,,
Sample_390,8730,chihayafuru,43,143,,not included,,,,,,,,
Sample_391,8731,chihayafuru,43,149,,not included,,,,,,,,
Sample_392,8732,chihayafuru,43,151,"4,5",included,a,,,,,,,
Sample_393,8733,chihayafuru,43,"152,153","1,5,6,7",included,b,,,,,,,
Sample_394,8735,chihayafuru,44,"8,9","1,2,4,5",included,b,,,,,,,
Sample_395,8738,chihayafuru,44,"16,17","1,3,6,7,8",included,b,,,,,,,
Sample_396,8739,chihayafuru,44,35,2,included,d,,,,,,,
Sample_397,8740,chihayafuru,44,"36,37","4,6",included,b,,,,,,,
Sample_398,8741,chihayafuru,44,"46,47","4,5",included,d,,,,,,,
Sample_399,8748,chihayafuru,44,"128,129","1,3,4,5",included,d,,,,,,,
Sample_400,8749,chihayafuru,44,"136,137","1,5",included,d,,,,,,,
Sample_401,8751,chihayafuru,45,"58,59",10,included,d,,,,,,,
Sample_402,8752,chihayafuru,45,"92,93","2,3,4",included,a,,,,,,,
Sample_403,8753,chihayafuru,46,"16,17","1,3,4,6,7",included,d,,,,,,,
Sample_404,8754,chihayafuru,46,"50,51","1,2,3,4,5,6,7,8,9",included,d,,,,,,,
Sample_405,8755,chihayafuru,46,52,1,included,d,,,,,,,
Sample_406,8756,chihayafuru,46,54,1,included,d,,,,,,,
Sample_407,8758,chihayafuru,46,"106,107","2,3,4,5,6,7",included,d,,,,,,,
Sample_408,8770,chihayafuru,47,120,1,included,d,,,,,,,
Sample_409,8776,chihayafuru,48,91,1,included,a,,,,,,,
Sample_410,8777,chihayafuru,48,93,,included,a,,,,,,,
Sample_411,8779,chihayafuru,48,103,,not included,,,,,,,,
Sample_412,8780,chihayafuru,48,"104,105",,not included,,,,,,,,
Sample_413,8786,chihayafuru,49,113,8,included,d,,,,,,,
Sample_414,8787,chihayafuru,49,114,5,included,d,,,,,,,
Sample_415,8790,chihayafuru,49,"130,131","1,3,4,5",included,d,,,,,,,
Sample_416,8791,chihayafuru,49,"138,139","3,4,5",included,d,,,,,,,
Sample_417,8793,chihayafuru,50,35,2,included,d,,,,,,,
Sample_418,8795,chihayafuru,50,"44,45","3,4,5,6,7,8",included,d,,,,,,,
Sample_419,8796,chihayafuru,50,"46,47",1,included,d,,,,,,,
Sample_420,8432,Vagabond,1,234,1,included,d,,,,,,,
Sample_421,8433,Vagabond,2,49,5,included,a,,,,,,,
Sample_422,8434,Vagabond,2,50,"1,2",included,a,,,,,,,
Sample_423,8435,Vagabond,2,112,,not included,,,,,,,,
Sample_424,8439,Vagabond,2,"201,202",1,included,d,,,,,,,
Sample_425,8440,Vagabond,3,123,3,included,a,,,,,,,
Sample_426,8443,Vagabond,5,45,"4,6",included,d,,,,,,,
Sample_427,8444,Vagabond,5,"118,119","2,3,5,6",included,d,,,,,,,
Sample_428,8445,Vagabond,5,122,1,included,d,,,,,,,
Sample_429,8446,Vagabond,5,153,"4,5",included,d,,,,,,,
Sample_430,8447,Vagabond,5,171,2,included,d,,,,,,,
Sample_431,8466,Vagabond,11,32,3,included,d,,,,,,,
Sample_432,8471,Vagabond,11,"64,65",1,included,a,,,,,,,
Sample_433,8472,Vagabond,11,"66,67",,not included,,,,,,,,
Sample_434,8482,Vagabond,12,42,4,included,d,,,,,,,
Sample_435,8483,Vagabond,13,51,"3,5",not included,,,,,,,,
Sample_436,8484,Vagabond,13,52,1,included,a,,,,,,,
Sample_437,8496,Vagabond,20,"202,203",2,included,unclear,,,,,,,
Sample_438,8507,Vagabond,24,11,,not included,,,,,,,,
Sample_439,8508,Vagabond,24,"22,23","1,2,6",included,d,,,,,,,
Sample_440,8509,Vagabond,24,"64,65","3,4",included,d,,,,,,,
Sample_441,8510,Vagabond,24,67,"2,3",not included,d,,,,,,,
Sample_442,8511,Vagabond,24,69,"2,3",included,d,,,,,,,
Sample_443,8519,Vagabond,26,"32,33","2,5,9",included,a,,,,,,,
Sample_444,8520,Vagabond,26,104,1,included,d,,,,,,,
Sample_445,8522,Vagabond,26,"176,177",5,included,a,,,,,,,
Sample_446,8523,Vagabond,26,178,1,included,a,,,,,,,
Sample_447,8528,Vagabond,27,"78,79","4,5",included,d,,,,,,,
Sample_448,8536,Vagabond,29,14,"1,2",included,d,,,,,,,
Sample_449,8537,Vagabond,29,"48,49","1,2,3,4",included,d,,,,,,,
Sample_450,8538,Vagabond,29,84,1,included,d,,,,,,,
Sample_451,8539,Vagabond,29,87,"1,3,4",included,d,,,,,,,
Sample_452,8540,Vagabond,29,88,3,included,d,,,,,,,
Sample_453,8541,Vagabond,29,90,1,included,d,,,,,,,
Sample_454,8542,Vagabond,29,"94,95","3,4,5",included,d,,,,,,,
Sample_455,8543,Vagabond,29,"96,97","5,6",included,d,,,,,,,
Sample_456,8544,Vagabond,29,"80,81","1,2,3,4,6",included,d,,,,,,,
Sample_457,8545,Vagabond,29,83,"1,4,5",included,d,,,,,,,
Sample_458,8546,Vagabond,29,98,"3,4,5,6,9,10",included,d,,,,,,,
Sample_459,8547,Vagabond,29,"100,101","1,2,3,4,5",included,d,,,,,,,
Sample_460,8548,Vagabond,29,"102,103","1,2,3",included,d,,,,,,,
Sample_461,8549,Vagabond,29,"104,105","3,4,5,6",included,d,,,,,,,
Sample_462,8550,Vagabond,29,"108,109","1,4",included,d,,,,,,,
Sample_463,8557,Vagabond,30,154,"4,6,8",included,d,,,,,,,
Sample_464,8558,Vagabond,30,204,1,not included,,,,,,,,
Sample_465,8563,Vagabond,31,176,1,included,a,,,,,,,
Sample_466,8564,Vagabond,31,187,"3,4",included,d,,,,,,,
Sample_467,8565,Vagabond,31,"188,189","1,2,3,4,5",included,d,,,,,,,
Sample_468,8566,Vagabond,31,197,"1,3",included,d,,,,,,,
Sample_469,8567,Vagabond,31,"200,201","1,2",included,d,,,,,,,
Sample_470,8568,Vagabond,32,"8,9","1,2",included,d,,,,,,,
Sample_471,8569,Vagabond,32,"10,11",1,included,d,,,,,,,
Sample_472,8572,Vagabond,32,19,"2,3",included,d,,,,,,,
Sample_473,8573,Vagabond,32,20,"1,2",included,d,,,,,,,
Sample_474,8574,Vagabond,32,22,"1,2,3,5",included,d,,,,,,,
Sample_475,8575,Vagabond,32,24,4,included,d,,,,,,,
Sample_476,8576,Vagabond,32,26,3,included,d,b,,,,,,
Sample_477,8577,Vagabond,32,"40,41","1,3,4,5,7,8,9",included,d,,,,,,,
Sample_478,8578,Vagabond,32,"42,43",2,included,d,,,,,,,
Sample_479,8579,Vagabond,32,66,"2,4",included,d,,,,,,,
Sample_480,8581,Vagabond,32,"92,93","2,3,6,7",included,d,,,,,,,
Sample_481,8582,Vagabond,32,"94,95",,not included,,,,,,,,
Sample_482,8583,Vagabond,32,"120,121","4,5,7,8,9",included,d,,,,,,,
Sample_483,8584,Vagabond,32,122,"1,3",included,d,,,,,,,
Sample_484,8585,Vagabond,32,124,"1,2,3,4,6",included,d,,,,,,,
Sample_485,8586,Vagabond,32,"142,143","4,5,6,9,11",included,d,,,,,,,
Sample_486,8587,Vagabond,32,144,"2,3",included,d,,,,,,,
Sample_487,8588,Vagabond,32,"146,147",,not included,,,,,,,,
Sample_488,8592,Vagabond,33,"182,183","1,2,3,4,5",included,d,,,,,,,
Sample_489,8593,Vagabond,34,96,1,included,d,,,,,,,
Sample_490,8594,Vagabond,34,"98,99","7,8",included,d,,,,,,,
Sample_491,8595,Vagabond,34,122,3,included,d,,,,,,,
Sample_492,8596,Vagabond,35,173,"2,3",included,d,,,,,,,
Sample_493,8597,Vagabond,35,"176,177","1,2,4",included,d,,,,,,,
Sample_494,8598,Vagabond,36,11,"3,4,5,6",included,d,,,,,,,
Sample_495,8599,Vagabond,36,12,,not included,,,,,,,,
Sample_496,8600,Vagabond,36,95,"3,5",included,d,,,,,,,
Sample_497,8601,Vagabond,36,"162,163","1,2,3,5,12",included,d,,,,,,,
Sample_498,8426,Historie,12,"128,129",1,included,a,,,,,,,
Sample_499,8427,Historie,12,"130,131",1,included,a,,,,,,,
Sample_500,2478,blue Period,1,51,"1,2",not included,a,,,,,,,
Sample_501,2479,blue Period,1,"52,53",1,included,a,,,,,,,
Sample_502,2480,blue Period,1,"92,93",,included,a,,,,,,,
Sample_503,2481,blue Period,1,"94,95",1,included,d,,,,,,,
Sample_504,2534,blue Period,2,17,2,included,d,,,,,,,
Sample_505,2536,blue Period,2,"85,86","1,2,3,4",included,d,,,,,,,
Sample_506,2543,blue Period,2,148,1,included,d,,,,,,,
Sample_507,2537,blue Period,3,"96,97",1,included,b,d,,,,,,
Sample_508,2538,blue Period,3,"98,99",1,included,b,,,,,,,
Sample_509,2483,blue Period,4,76,,not included,,,,,,,,
Sample_510,2484,blue Period,4,"78,79",1,not included,,,,,,,,
Sample_511,2485,blue Period,4,80,,not included,,,,,,,,
Sample_512,2539,blue Period,5,"100,101","1,2",not included,d,,,,,,,
Sample_513,2540,blue Period,5,137,,not included,,,,,,,,
Sample_514,2541,blue Period,5,"138,139",1,included,d,,,,,,,
Sample_515,2542,blue Period,8,170,1,included,b,,,,,,,
Sample_516,2486,blue Period,9,154,5,included,c,,,,,,,
Sample_517,2503,blue Period,9,184,"3,4",included,b,,,,,,,
Sample_518,2493,blue Period,10,172,2,included,b,,,,,,,
Sample_519,2498,blue Period,13,37,,not included,,,,,,,,
Sample_520,2499,blue Period,13,"38,39",1,included,d,,,,,,,
Sample_521,2500,blue Period,13,"40,41",1,included,d,,,,,,,
Sample_522,2544,blue Period,16,111,,not included,,,,,,,,
Sample_523,2545,blue Period,16,"112,113","1,2,3",included,d,,,,,,,
Sample_524,2546,blue Period,16,135,1,included,c,,,,,,,
Sample_525,2551,blue Period,18,"34,35",1,included,d,,,,,,,
Sample_526,2552,blue Period,18,57,1,included,d,,,,,,,
Sample_527,2718,Hibiki: Shōsetsuka ni Naru Hōhō,4,18,,not included,,,,,,,,
Sample_528,2856,Silver Spoon(Gin no saji),1,53,"6,7",included,a,,,,,,,
Sample_529,2857,Silver Spoon(Gin no saji),1,66,1,included,a,,,,,,,
Sample_530,2858,Silver Spoon(Gin no saji),1,107,,not included,,,,,,,,
Sample_531,2867,Silver Spoon(Gin no saji),2,184,1,included,b,,,,,,,
Sample_532,2870,Silver Spoon(Gin no saji),3,37,,not included,,,,,,,,
Sample_533,2876,Silver Spoon(Gin no saji),4,11,4,included,a,,,,,,,
Sample_534,2878,Silver Spoon(Gin no saji),4,"138,139","3,5,6,7",included,b,,,,,,,
Sample_535,2880,Silver Spoon(Gin no saji),5,32,"2,3,4",included,d,,,,,,,
Sample_536,2881,Silver Spoon(Gin no saji),5,"94,95",,not included,,,,,,,,
Sample_537,2882,Silver Spoon(Gin no saji),5,124,4,included,a,b,,,,,,
Sample_538,2886,Silver Spoon(Gin no saji),6,35,,not included,,,,,,,,
Sample_539,2888,Silver Spoon(Gin no saji),6,152,,not included,,,,,,,,
Sample_540,2890,Silver Spoon(Gin no saji),7,"48,49","2,7",included,b,,,,,,,
Sample_541,2893,Silver Spoon(Gin no saji),8,37,3,included,b,,,,,,,
Sample_542,2894,Silver Spoon(Gin no saji),8,162,"4,5",included,a,,,,,,,
Sample_543,2899,Silver Spoon(Gin no saji),9,181,4,included,a,,,,,,,
Sample_544,2901,Silver Spoon(Gin no saji),10,92,6,included,b,,,,,,,
Sample_545,2902,Silver Spoon(Gin no saji),10,110,1,included,b,,,,,,,
Sample_546,2904,Silver Spoon(Gin no saji),10,121,6,included,c,,,,,,,
Sample_547,2916,Silver Spoon(Gin no saji),14,64,4,included,a,,,,,,,
Sample_548,2920,Silver Spoon(Gin no saji),15,77,3,included,a,,,,,,,
Sample_549,2921,Silver Spoon(Gin no saji),15,78,1,included,a,,,,,,,
Sample_550,2922,Silver Spoon(Gin no saji),15,"80,81","1,6",included,a,,,,,,,
Sample_551,2923,Silver Spoon(Gin no saji),15,103,5,included,b,,,,,,,
Sample_552,2924,Silver Spoon(Gin no saji),15,104,"1,2,3,4",included,c,a,,,,,,
Sample_553,2731,disappearance diary(Shissou Nikki),,7,8,included,d,,,,,,,
Sample_554,2734,disappearance diary(Shissou Nikki),,65,2,included,d,,,,,,,
Sample_555,2926,Hanagami Sharaku,,328,6,included,a,,,,,,,
Sample_556,8264,Hanagami Sharaku,,133,1,included,d,,,,,,,
,,,,,1,included,d,,,,,,,